{
    "results": {
        "tool": {
            "name": "pytest",
            "version": "8.4.1"
        },
        "summary": {
            "tests": 1,
            "passed": 1,
            "failed": 0,
            "skipped": 0,
            "pending": 0,
            "other": 0,
            "start": 1773122742.2839475,
            "stop": 1773122742.2927208
        },
        "tests": [
            {
                "name": "test_outputs.py::test_outputs",
                "status": "passed",
                "duration": 0.000830851262435317,
                "start": 1773122742.2913668,
                "stop": 1773122742.2924592,
                "retries": 0,
                "file_path": "test_outputs.py"
            }
        ]
    }
}