{
    "results": {
        "tool": {
            "name": "pytest",
            "version": "8.4.1"
        },
        "summary": {
            "tests": 1,
            "passed": 1,
            "failed": 0,
            "skipped": 0,
            "pending": 0,
            "other": 0,
            "start": 1773029927.5583448,
            "stop": 1773029927.5676816
        },
        "tests": [
            {
                "name": "test_outputs.py::test_outputs",
                "status": "passed",
                "duration": 0.000754099921323359,
                "start": 1773029927.5663521,
                "stop": 1773029927.5673795,
                "retries": 0,
                "file_path": "test_outputs.py"
            }
        ]
    }
}