{
    "results": {
        "tool": {
            "name": "pytest",
            "version": "8.4.1"
        },
        "summary": {
            "tests": 2,
            "passed": 2,
            "failed": 0,
            "skipped": 0,
            "pending": 0,
            "other": 0,
            "start": 1773897585.9988902,
            "stop": 1773897586.5296583
        },
        "tests": [
            {
                "name": "test_outputs.py::test_task_info_file_exists",
                "status": "passed",
                "duration": 0.00029401000938378274,
                "start": 1773897586.00449,
                "stop": 1773897586.0049193,
                "retries": 0,
                "file_path": "test_outputs.py"
            },
            {
                "name": "test_outputs.py::test_sandbox_env_dump_file",
                "status": "passed",
                "duration": 0.5242660230142064,
                "start": 1773897586.0050414,
                "stop": 1773897586.5294971,
                "retries": 0,
                "file_path": "test_outputs.py"
            }
        ]
    }
}