{
    "results": {
        "tool": {
            "name": "pytest",
            "version": "8.4.1"
        },
        "summary": {
            "tests": 1,
            "passed": 1,
            "failed": 0,
            "skipped": 0,
            "pending": 0,
            "other": 0,
            "start": 1773022990.996148,
            "stop": 1773022991.0045578
        },
        "tests": [
            {
                "name": "test_outputs.py::test_outputs",
                "status": "passed",
                "duration": 0.0006004740716889501,
                "start": 1773022991.0035007,
                "stop": 1773022991.0043368,
                "retries": 0,
                "file_path": "test_outputs.py"
            }
        ]
    }
}