{
    "results": {
        "tool": {
            "name": "pytest",
            "version": "8.4.1"
        },
        "summary": {
            "tests": 1,
            "passed": 1,
            "failed": 0,
            "skipped": 0,
            "pending": 0,
            "other": 0,
            "start": 1773122807.3146431,
            "stop": 1773122807.3240805
        },
        "tests": [
            {
                "name": "test_outputs.py::test_outputs",
                "status": "passed",
                "duration": 0.000758822076022625,
                "start": 1773122807.3228073,
                "stop": 1773122807.3238552,
                "retries": 0,
                "file_path": "test_outputs.py"
            }
        ]
    }
}