{
    "results": {
        "tool": {
            "name": "pytest",
            "version": "8.4.1"
        },
        "summary": {
            "tests": 1,
            "passed": 1,
            "failed": 0,
            "skipped": 0,
            "pending": 0,
            "other": 0,
            "start": 1773029979.036747,
            "stop": 1773029979.0985096
        },
        "tests": [
            {
                "name": "test_outputs.py::test_outputs",
                "status": "passed",
                "duration": 0.0007096679182723165,
                "start": 1773029979.0973406,
                "stop": 1773029979.0982974,
                "retries": 0,
                "file_path": "test_outputs.py"
            }
        ]
    }
}