{
    "results": {
        "tool": {
            "name": "pytest",
            "version": "8.4.1"
        },
        "summary": {
            "tests": 1,
            "passed": 1,
            "failed": 0,
            "skipped": 0,
            "pending": 0,
            "other": 0,
            "start": 1773031888.4679446,
            "stop": 1773031888.475546
        },
        "tests": [
            {
                "name": "test_outputs.py::test_outputs",
                "status": "passed",
                "duration": 0.0007510470459237695,
                "start": 1773031888.4743118,
                "stop": 1773031888.4753175,
                "retries": 0,
                "file_path": "test_outputs.py"
            }
        ]
    }
}