{
    "results": {
        "tool": {
            "name": "pytest",
            "version": "8.4.1"
        },
        "summary": {
            "tests": 1,
            "passed": 1,
            "failed": 0,
            "skipped": 0,
            "pending": 0,
            "other": 0,
            "start": 1773031281.9229267,
            "stop": 1773031281.9308753
        },
        "tests": [
            {
                "name": "test_outputs.py::test_outputs",
                "status": "passed",
                "duration": 0.0007801569299772382,
                "start": 1773031281.9296322,
                "stop": 1773031281.9306514,
                "retries": 0,
                "file_path": "test_outputs.py"
            }
        ]
    }
}