{
    "results": {
        "tool": {
            "name": "pytest",
            "version": "8.4.1"
        },
        "summary": {
            "tests": 1,
            "passed": 1,
            "failed": 0,
            "skipped": 0,
            "pending": 0,
            "other": 0,
            "start": 1773031499.1535156,
            "stop": 1773031499.1610742
        },
        "tests": [
            {
                "name": "test_outputs.py::test_outputs",
                "status": "passed",
                "duration": 0.0007963739335536957,
                "start": 1773031499.1598213,
                "stop": 1773031499.1608355,
                "retries": 0,
                "file_path": "test_outputs.py"
            }
        ]
    }
}