{
    "results": {
        "tool": {
            "name": "pytest",
            "version": "8.4.1"
        },
        "summary": {
            "tests": 2,
            "passed": 2,
            "failed": 0,
            "skipped": 0,
            "pending": 0,
            "other": 0,
            "start": 1773891459.6188576,
            "stop": 1773891460.4834504
        },
        "tests": [
            {
                "name": "test_outputs.py::test_task_info_file_exists",
                "status": "passed",
                "duration": 0.00030564097687602043,
                "start": 1773891459.625545,
                "stop": 1773891459.6259909,
                "retries": 0,
                "file_path": "test_outputs.py"
            },
            {
                "name": "test_outputs.py::test_sandbox_scan_results",
                "status": "passed",
                "duration": 0.8568733697757125,
                "start": 1773891459.6261137,
                "stop": 1773891460.4832828,
                "retries": 0,
                "file_path": "test_outputs.py"
            }
        ]
    }
}