{
    "results": {
        "tool": {
            "name": "pytest",
            "version": "8.4.1"
        },
        "summary": {
            "tests": 1,
            "passed": 1,
            "failed": 0,
            "skipped": 0,
            "pending": 0,
            "other": 0,
            "start": 1773122516.7258856,
            "stop": 1773122516.7915738
        },
        "tests": [
            {
                "name": "test_outputs.py::test_outputs",
                "status": "passed",
                "duration": 0.0007890250999480486,
                "start": 1773122516.7902792,
                "stop": 1773122516.7913113,
                "retries": 0,
                "file_path": "test_outputs.py"
            }
        ]
    }
}