{
    "results": {
        "tool": {
            "name": "pytest",
            "version": "8.4.1"
        },
        "summary": {
            "tests": 1,
            "passed": 1,
            "failed": 0,
            "skipped": 0,
            "pending": 0,
            "other": 0,
            "start": 1773122447.4766817,
            "stop": 1773122447.4877038
        },
        "tests": [
            {
                "name": "test_outputs.py::test_outputs",
                "status": "passed",
                "duration": 0.0007722801528871059,
                "start": 1773122447.4862604,
                "stop": 1773122447.487385,
                "retries": 0,
                "file_path": "test_outputs.py"
            }
        ]
    }
}