{
    "results": {
        "tool": {
            "name": "pytest",
            "version": "8.4.1"
        },
        "summary": {
            "tests": 1,
            "passed": 1,
            "failed": 0,
            "skipped": 0,
            "pending": 0,
            "other": 0,
            "start": 1773023389.517665,
            "stop": 1773023389.5275805
        },
        "tests": [
            {
                "name": "test_outputs.py::test_outputs",
                "status": "passed",
                "duration": 0.0007137579377740622,
                "start": 1773023389.5262296,
                "stop": 1773023389.5272796,
                "retries": 0,
                "file_path": "test_outputs.py"
            }
        ]
    }
}