{
    "results": {
        "tool": {
            "name": "pytest",
            "version": "8.4.1"
        },
        "summary": {
            "tests": 1,
            "passed": 1,
            "failed": 0,
            "skipped": 0,
            "pending": 0,
            "other": 0,
            "start": 1773122436.218687,
            "stop": 1773122436.2266667
        },
        "tests": [
            {
                "name": "test_outputs.py::test_outputs",
                "status": "passed",
                "duration": 0.0008588333148509264,
                "start": 1773122436.2253253,
                "stop": 1773122436.2264116,
                "retries": 0,
                "file_path": "test_outputs.py"
            }
        ]
    }
}