{
    "results": {
        "tool": {
            "name": "pytest",
            "version": "8.4.1"
        },
        "summary": {
            "tests": 1,
            "passed": 1,
            "failed": 0,
            "skipped": 0,
            "pending": 0,
            "other": 0,
            "start": 1773031090.665314,
            "stop": 1773031090.6727414
        },
        "tests": [
            {
                "name": "test_outputs.py::test_outputs",
                "status": "passed",
                "duration": 0.0007892969297245145,
                "start": 1773031090.6713855,
                "stop": 1773031090.6724596,
                "retries": 0,
                "file_path": "test_outputs.py"
            }
        ]
    }
}