{
    "results": {
        "tool": {
            "name": "pytest",
            "version": "8.4.1"
        },
        "summary": {
            "tests": 1,
            "passed": 1,
            "failed": 0,
            "skipped": 0,
            "pending": 0,
            "other": 0,
            "start": 1773023280.6234727,
            "stop": 1773023280.6334786
        },
        "tests": [
            {
                "name": "test_outputs.py::test_outputs",
                "status": "passed",
                "duration": 0.000603904016315937,
                "start": 1773023280.6323292,
                "stop": 1773023280.6332152,
                "retries": 0,
                "file_path": "test_outputs.py"
            }
        ]
    }
}