{
    "results": {
        "tool": {
            "name": "pytest",
            "version": "8.4.1"
        },
        "summary": {
            "tests": 2,
            "passed": 2,
            "failed": 0,
            "skipped": 0,
            "pending": 0,
            "other": 0,
            "start": 1773774616.4667375,
            "stop": 1773774617.181421
        },
        "tests": [
            {
                "name": "test_outputs.py::test_sandbox_id_file_exists",
                "status": "passed",
                "duration": 0.00035236962139606476,
                "start": 1773774616.4740024,
                "stop": 1773774616.4745257,
                "retries": 0,
                "file_path": "test_outputs.py"
            },
            {
                "name": "test_outputs.py::test_sandbox_hello_file",
                "status": "passed",
                "duration": 0.7064208313822746,
                "start": 1773774616.4746547,
                "stop": 1773774617.1812618,
                "retries": 0,
                "file_path": "test_outputs.py"
            }
        ]
    }
}