{
    "results": {
        "tool": {
            "name": "pytest",
            "version": "8.4.1"
        },
        "summary": {
            "tests": 1,
            "passed": 1,
            "failed": 0,
            "skipped": 0,
            "pending": 0,
            "other": 0,
            "start": 1773024934.3719246,
            "stop": 1773024934.3810904
        },
        "tests": [
            {
                "name": "test_outputs.py::test_outputs",
                "status": "passed",
                "duration": 0.000592145137488842,
                "start": 1773024934.379995,
                "stop": 1773024934.3808348,
                "retries": 0,
                "file_path": "test_outputs.py"
            }
        ]
    }
}