{
    "results": {
        "tool": {
            "name": "pytest",
            "version": "8.4.1"
        },
        "summary": {
            "tests": 1,
            "passed": 1,
            "failed": 0,
            "skipped": 0,
            "pending": 0,
            "other": 0,
            "start": 1773024110.7254312,
            "stop": 1773024110.7331002
        },
        "tests": [
            {
                "name": "test_outputs.py::test_outputs",
                "status": "passed",
                "duration": 0.0008034210186451674,
                "start": 1773024110.731749,
                "stop": 1773024110.7328115,
                "retries": 0,
                "file_path": "test_outputs.py"
            }
        ]
    }
}