{
    "results": {
        "tool": {
            "name": "pytest",
            "version": "8.4.1"
        },
        "summary": {
            "tests": 1,
            "passed": 1,
            "failed": 0,
            "skipped": 0,
            "pending": 0,
            "other": 0,
            "start": 1773024187.7102873,
            "stop": 1773024187.719025
        },
        "tests": [
            {
                "name": "test_outputs.py::test_outputs",
                "status": "passed",
                "duration": 0.0008443079423159361,
                "start": 1773024187.7176392,
                "stop": 1773024187.7187557,
                "retries": 0,
                "file_path": "test_outputs.py"
            }
        ]
    }
}