{
    "results": {
        "tool": {
            "name": "pytest",
            "version": "8.4.1"
        },
        "summary": {
            "tests": 1,
            "passed": 1,
            "failed": 0,
            "skipped": 0,
            "pending": 0,
            "other": 0,
            "start": 1773030315.9566505,
            "stop": 1773030315.9669898
        },
        "tests": [
            {
                "name": "test_outputs.py::test_outputs",
                "status": "passed",
                "duration": 0.0008050169562920928,
                "start": 1773030315.9656081,
                "stop": 1773030315.9667315,
                "retries": 0,
                "file_path": "test_outputs.py"
            }
        ]
    }
}