{
    "results": {
        "tool": {
            "name": "pytest",
            "version": "8.4.1"
        },
        "summary": {
            "tests": 2,
            "passed": 2,
            "failed": 0,
            "skipped": 0,
            "pending": 0,
            "other": 0,
            "start": 1773895550.8945174,
            "stop": 1773895551.6186597
        },
        "tests": [
            {
                "name": "test_outputs.py::test_task_info_file_exists",
                "status": "passed",
                "duration": 0.00029597998945973814,
                "start": 1773895550.9001238,
                "stop": 1773895550.900564,
                "retries": 0,
                "file_path": "test_outputs.py"
            },
            {
                "name": "test_outputs.py::test_sandbox_env_dump_file",
                "status": "passed",
                "duration": 0.717626167985145,
                "start": 1773895550.9006886,
                "stop": 1773895551.6185029,
                "retries": 0,
                "file_path": "test_outputs.py"
            }
        ]
    }
}