{
    "results": {
        "tool": {
            "name": "pytest",
            "version": "8.4.1"
        },
        "summary": {
            "tests": 1,
            "passed": 1,
            "failed": 0,
            "skipped": 0,
            "pending": 0,
            "other": 0,
            "start": 1773024618.796146,
            "stop": 1773024618.8044298
        },
        "tests": [
            {
                "name": "test_outputs.py::test_outputs",
                "status": "passed",
                "duration": 0.0006770059699192643,
                "start": 1773024618.8032682,
                "stop": 1773024618.8042352,
                "retries": 0,
                "file_path": "test_outputs.py"
            }
        ]
    }
}