{
    "results": {
        "tool": {
            "name": "pytest",
            "version": "8.4.1"
        },
        "summary": {
            "tests": 1,
            "passed": 1,
            "failed": 0,
            "skipped": 0,
            "pending": 0,
            "other": 0,
            "start": 1773122641.613199,
            "stop": 1773122641.6227245
        },
        "tests": [
            {
                "name": "test_outputs.py::test_outputs",
                "status": "passed",
                "duration": 0.0007979976944625378,
                "start": 1773122641.6213489,
                "stop": 1773122641.622391,
                "retries": 0,
                "file_path": "test_outputs.py"
            }
        ]
    }
}