{
    "results": {
        "tool": {
            "name": "pytest",
            "version": "8.4.1"
        },
        "summary": {
            "tests": 1,
            "passed": 1,
            "failed": 0,
            "skipped": 0,
            "pending": 0,
            "other": 0,
            "start": 1773023993.6281898,
            "stop": 1773023993.6355255
        },
        "tests": [
            {
                "name": "test_outputs.py::test_outputs",
                "status": "passed",
                "duration": 0.0007363770855590701,
                "start": 1773023993.6342902,
                "stop": 1773023993.635291,
                "retries": 0,
                "file_path": "test_outputs.py"
            }
        ]
    }
}