{
    "results": {
        "tool": {
            "name": "pytest",
            "version": "8.4.1"
        },
        "summary": {
            "tests": 2,
            "passed": 2,
            "failed": 0,
            "skipped": 0,
            "pending": 0,
            "other": 0,
            "start": 1773895670.7733624,
            "stop": 1773895671.605076
        },
        "tests": [
            {
                "name": "test_outputs.py::test_task_info_file_exists",
                "status": "passed",
                "duration": 0.0003140128683298826,
                "start": 1773895670.7800314,
                "stop": 1773895670.7804832,
                "retries": 0,
                "file_path": "test_outputs.py"
            },
            {
                "name": "test_outputs.py::test_sandbox_scan_results",
                "status": "passed",
                "duration": 0.8241351030301303,
                "start": 1773895670.7806082,
                "stop": 1773895671.6049173,
                "retries": 0,
                "file_path": "test_outputs.py"
            }
        ]
    }
}