{
    "results": {
        "tool": {
            "name": "pytest",
            "version": "8.4.1"
        },
        "summary": {
            "tests": 1,
            "passed": 1,
            "failed": 0,
            "skipped": 0,
            "pending": 0,
            "other": 0,
            "start": 1773023295.1870062,
            "stop": 1773023295.2653553
        },
        "tests": [
            {
                "name": "test_outputs.py::test_outputs",
                "status": "passed",
                "duration": 0.00064623705111444,
                "start": 1773023295.2640467,
                "stop": 1773023295.2651072,
                "retries": 0,
                "file_path": "test_outputs.py"
            }
        ]
    }
}