{
    "results": {
        "tool": {
            "name": "pytest",
            "version": "8.4.1"
        },
        "summary": {
            "tests": 1,
            "passed": 1,
            "failed": 0,
            "skipped": 0,
            "pending": 0,
            "other": 0,
            "start": 1773023739.0791998,
            "stop": 1773023739.0864837
        },
        "tests": [
            {
                "name": "test_outputs.py::test_outputs",
                "status": "passed",
                "duration": 0.0007096360204741359,
                "start": 1773023739.0852757,
                "stop": 1773023739.0862813,
                "retries": 0,
                "file_path": "test_outputs.py"
            }
        ]
    }
}