{
    "results": {
        "tool": {
            "name": "pytest",
            "version": "8.4.1"
        },
        "summary": {
            "tests": 1,
            "passed": 1,
            "failed": 0,
            "skipped": 0,
            "pending": 0,
            "other": 0,
            "start": 1773123016.3864183,
            "stop": 1773123016.3946135
        },
        "tests": [
            {
                "name": "test_outputs.py::test_outputs",
                "status": "passed",
                "duration": 0.0008649819064885378,
                "start": 1773123016.3932686,
                "stop": 1773123016.3943522,
                "retries": 0,
                "file_path": "test_outputs.py"
            }
        ]
    }
}