{
    "results": {
        "tool": {
            "name": "pytest",
            "version": "8.4.1"
        },
        "summary": {
            "tests": 1,
            "passed": 1,
            "failed": 0,
            "skipped": 0,
            "pending": 0,
            "other": 0,
            "start": 1773122778.9321005,
            "stop": 1773122778.9397833
        },
        "tests": [
            {
                "name": "test_outputs.py::test_outputs",
                "status": "passed",
                "duration": 0.0007165088318288326,
                "start": 1773122778.938573,
                "stop": 1773122778.939503,
                "retries": 0,
                "file_path": "test_outputs.py"
            }
        ]
    }
}