{
    "results": {
        "tool": {
            "name": "pytest",
            "version": "8.4.1"
        },
        "summary": {
            "tests": 1,
            "passed": 1,
            "failed": 0,
            "skipped": 0,
            "pending": 0,
            "other": 0,
            "start": 1773029740.4824812,
            "stop": 1773029740.4898252
        },
        "tests": [
            {
                "name": "test_outputs.py::test_outputs",
                "status": "passed",
                "duration": 0.0008198629366233945,
                "start": 1773029740.4885535,
                "stop": 1773029740.4896016,
                "retries": 0,
                "file_path": "test_outputs.py"
            }
        ]
    }
}