{
    "results": {
        "tool": {
            "name": "pytest",
            "version": "8.4.1"
        },
        "summary": {
            "tests": 2,
            "passed": 2,
            "failed": 0,
            "skipped": 0,
            "pending": 0,
            "other": 0,
            "start": 1773853846.7873201,
            "stop": 1773853847.5018306
        },
        "tests": [
            {
                "name": "test_outputs.py::test_sandbox_id_file_exists",
                "status": "passed",
                "duration": 0.0003480874001979828,
                "start": 1773853846.793163,
                "stop": 1773853846.7936707,
                "retries": 0,
                "file_path": "test_outputs.py"
            },
            {
                "name": "test_outputs.py::test_sandbox_hello_file",
                "status": "passed",
                "duration": 0.7077079936861992,
                "start": 1773853846.7937958,
                "stop": 1773853847.5016706,
                "retries": 0,
                "file_path": "test_outputs.py"
            }
        ]
    }
}