{
    "results": {
        "tool": {
            "name": "pytest",
            "version": "8.4.1"
        },
        "summary": {
            "tests": 1,
            "passed": 1,
            "failed": 0,
            "skipped": 0,
            "pending": 0,
            "other": 0,
            "start": 1773031274.6298027,
            "stop": 1773031274.6382873
        },
        "tests": [
            {
                "name": "test_outputs.py::test_outputs",
                "status": "passed",
                "duration": 0.0006749379681423306,
                "start": 1773031274.6371834,
                "stop": 1773031274.6380727,
                "retries": 0,
                "file_path": "test_outputs.py"
            }
        ]
    }
}