{
    "results": {
        "tool": {
            "name": "pytest",
            "version": "8.4.1"
        },
        "summary": {
            "tests": 2,
            "passed": 2,
            "failed": 0,
            "skipped": 0,
            "pending": 0,
            "other": 0,
            "start": 1773826172.5648234,
            "stop": 1773826173.2804854
        },
        "tests": [
            {
                "name": "test_outputs.py::test_task_info_file_exists",
                "status": "passed",
                "duration": 0.0002974832896143198,
                "start": 1773826172.5714414,
                "stop": 1773826172.571877,
                "retries": 0,
                "file_path": "test_outputs.py"
            },
            {
                "name": "test_outputs.py::test_sandbox_scan_results",
                "status": "passed",
                "duration": 0.7081508468836546,
                "start": 1773826172.5720012,
                "stop": 1773826173.2803192,
                "retries": 0,
                "file_path": "test_outputs.py"
            }
        ]
    }
}